{
  "project_info": {
    "project_number": "69247963633",
    "project_id": "talki-app-70ff9",
    "storage_bucket": "talki-app-70ff9.appspot.com"
  },
  "client": [
    {
      "client_info": {
        "mobilesdk_app_id": "1:69247963633:android:92340e9dfd9dfdaff57450",
        "android_client_info": {
          "package_name": "com.example.talki"
        }
      },
      "oauth_client": [
        {
          "client_id": "69247963633-ffm9hn051109mnrib5tflgb129fphtab.apps.googleusercontent.com",
          "client_type": 3
        }
      ],
      "api_key": [
        {
          "current_key": "AIzaSyACR-3rIe-uymAfNGGWBsUSNc22NxgJvNI"
        }
      ],
      "services": {
        "appinvite_service": {
          "other_platform_oauth_client": [
            {
              "client_id": "69247963633-ffm9hn051109mnrib5tflgb129fphtab.apps.googleusercontent.com",
              "client_type": 3
            }
          ]
        }
      }
    }
  ],
  "configuration_version": "1"
}